Name,Sequence
10basegen0,AAACAGCCTC
10basegen1,AAACCCGCCT
10basegen2,AAACGCCCGG
10basegen3,AAAGGGCCCA
10basegen4,AAATAAAACT
10basegen5,AACAACCAGT
10basegen6,AACAACGGGT
10basegen7,AACACCTTGT
10basegen8,AACAGGTCCT
10basegen9,AACAGGTTTA
10basegen10,AACCACAGCC
10basegen11,AACCACCGGG
10basegen12,AACCATCGAA
10basegen13,AACCCAAACT
10basegen14,AACCCCACTT
10basegen15,AACCCCCAAC
10basegen16,AACCCCCCGA
10basegen17,AACCCTCCGC
10basegen18,AACCCTGTAA
10basegen19,AACCCTTCAC
10basegen20,AACCGCGGTA
10basegen21,AACCGTCCCG
10basegen22,AACGAGCGAG
10basegen23,AACGAGGCCC
10basegen24,AACGCAACCA
10basegen25,AACGCCAAAA
10basegen26,AACGCTCTAC
10basegen27,AACGGCCGCT
10basegen28,AACGGCCGGG
10basegen29,AACGGCGCCC
10basegen30,AAGAAGCAGT
10basegen31,AAGACTCGGG
10basegen32,AAGCCCCTAG
10basegen33,AAGCCTGATG
10basegen34,AAGCTCAAAC
10basegen35,AAGTCCACGC
10basegen36,AAGTCGCCCA
10basegen37,AATCCCAGAC
10basegen38,AATCCCCCCG
10basegen39,AATCCCGGTA
10basegen40,AATCCGGCCG
10basegen41,AATCGAGATA
10basegen42,ACAAAGGCCC
10basegen43,ACAACCAAAC
10basegen44,ACAAGACCGC
10basegen45,ACAAGTCCCC
10basegen46,ACAGCGGGCC
10basegen47,ACCAACCGAC
10basegen48,ACCAAGGCCC
10basegen49,ACCAATTTTC
10basegen50,ACCACCTGAA
10basegen51,ACCACGCGAA
10basegen52,ACCAGAGCGA
10basegen53,ACCAGGGCAA
10basegen54,ACCCCGCAAA
10basegen55,ACCCCTTTTT
10basegen56,ACCCGCGATC
10basegen57,ACCCGCTCGT
10basegen58,ACCCGTCCCC
10basegen59,ACCCTGCCCC
10basegen60,ACCGAAGAAG
10basegen61,ACCGACCCCA
10basegen62,ACCGACCCCT
10basegen63,ACCGACCCGC
10basegen64,ACCGACCTAC
10basegen65,ACCGAGCCCC
10basegen66,ACCGATTAGG
10basegen67,ACCGCAGCAC
10basegen68,ACCGCCGCAT
10basegen69,ACCGCTCTAA
10basegen70,ACCGGCTATA
10basegen71,ACCGGGGCCC
10basegen72,ACGATGGCTA
10basegen73,ACGCAGCCGT
10basegen74,ACGCCCCCGC
10basegen75,ACGCCGTTCG
10basegen76,ACGCGAACCC
10basegen77,ACGCGACCCA
10basegen78,ACGCGATACC
10basegen79,ACGCGCCCCA
10basegen80,ACGCGTTCCC
10basegen81,ACGCTAGCTT
10basegen82,ACGGAACACT
10basegen83,ACGGCGACAG
10basegen84,ACGGCTCCGG
10basegen85,ACGGGCAAAC
10basegen86,ACGGGGAACT
10basegen87,ACGGGGAGAC
10basegen88,ACGGTGGCGC
10basegen89,ACGTGGGTTA
10basegen90,ACGTGTCTTG
10basegen91,ACGTTCCGAA
10basegen92,ACGTTGCCCA
10basegen93,ACTTACTTCC
10basegen94,AGAACCGAAT
10basegen95,AGACCCCTTG
10basegen96,AGCAAGGGCG
10basegen97,AGCCCAGTGA
10basegen98,AGCCCCCAGG
10basegen99,AGCCCCCGCT
10basegen100,AGCCCCGCCT
10basegen101,AGCCCTCCCA
10basegen102,AGCCGAACGG
10basegen103,AGCCGAGCCG
10basegen104,AGCCGCAACC
10basegen105,AGCCGCCGAA
10basegen106,AGCGCATTTC
10basegen107,AGCGCCTAAT
10basegen108,AGCGCGGCCC
10basegen109,AGCGTCCCAC
10basegen110,AGCTTCGACC
10basegen111,AGGAAATTTT
10basegen112,AGGACAGACT
10basegen113,AGGACAGTTG
10basegen114,AGGCAGTGAA
10basegen115,AGGCCCTCGT
10basegen116,AGGCTACAAA
10basegen117,AGGCTACTTG
10basegen118,AGGCTCCCCC
10basegen119,AGGGACCCCA
10basegen120,AGGGAGAAAC
10basegen121,AGGGATGTCC
10basegen122,AGGGCGACTG
10basegen123,AGGGCGAGAG
10basegen124,AGGGCGCAAA
10basegen125,AGGGCTTTAA
10basegen126,AGGGGAGGAC
10basegen127,AGGGTCCCCC
10basegen128,AGGGTCCGCG
10basegen129,AGGGTCGCGG
10basegen130,AGGTGAGAAC
10basegen131,AGGTTTGCGT
10basegen132,AGTCAAACTT
10basegen133,AGTCTGGCCA
10basegen134,AGTTCAAACT
10basegen135,ATAACCCAGT
10basegen136,ATAAGCCCCG
10basegen137,ATACAGAGAA
10basegen138,ATACCAAGGT
10basegen139,ATACGTTTTC
10basegen140,ATACTAAGCC
10basegen141,ATACTGGACC
10basegen142,ATCAACCCGC
10basegen143,ATCACAGATC
10basegen144,ATCACCTACA
10basegen145,ATCACGACGC
10basegen146,ATCACGCACA
10basegen147,ATCCAACGAA
10basegen148,ATCCACCCTC
10basegen149,ATCCAGGTTA
10basegen150,ATCCAGTCCA
10basegen151,ATCCATGTTT
10basegen152,ATCCCAAACT
10basegen153,ATCCCAACCC
10basegen154,ATCCCAAGCA
10basegen155,ATCCCAAGTT
10basegen156,ATCCCACTCG
10basegen157,ATCCCAGGCA
10basegen158,ATCCCCAGGA
10basegen159,ATCCCCCCAT
10basegen160,ATCCCCCCGC
10basegen161,ATCCCCCGCG
10basegen162,ATCCCCCGGG
10basegen163,ATCCCCGAAA
10basegen164,ATCCCCGGCC
10basegen165,ATCCCCTTTG
10basegen166,ATCCCGGACG
10basegen167,ATCCCGGGCG
10basegen168,ATCCGACGCT
10basegen169,ATCCGCCTAC
10basegen170,ATCCGCGGCC
10basegen171,ATCCGCTTTA
10basegen172,ATCCGGAACG
10basegen173,ATCCGGGTCA
10basegen174,ATCCGGGTCC
10basegen175,ATCCGTCAGT
10basegen176,ATCCGTGGCC
10basegen177,ATCCTCCCCA
10basegen178,ATCCTCGCAC
10basegen179,ATCGAGCAAA
10basegen180,ATCGCAAACA
10basegen181,ATCGCGAAAC
10basegen182,ATCGCGCAAG
10basegen183,ATCGCTTTTC
10basegen184,ATCGGCCCTG
10basegen185,ATCTCCGAAA
10basegen186,ATGCCGGCCC
10basegen187,ATGCCTACTT
10basegen188,ATGGCCAACG
10basegen189,ATGGGCACGC
10basegen190,ATGGTGTCCC
10basegen191,ATGTTGGCCT
10basegen192,ATTACCCAGT
10basegen193,ATTACTGTCA
10basegen194,ATTCCACCCG
10basegen195,ATTCCCGGAC
10basegen196,ATTCCGCCGT
10basegen197,ATTCGACCCG
10basegen198,ATTGCCATTT
10basegen199,CAACGCGTGT
10basegen200,CAACGGGGAA
10basegen201,CAAGCACCTG
10basegen202,CAAGCCCCTG
10basegen203,CAAGCCGATC
10basegen204,CAAGCGACTT
10basegen205,CACAAGGTAC
10basegen206,CACAATACAA
10basegen207,CACAGATACG
10basegen208,CACCCATCGT
10basegen209,CACCCCAGAG
10basegen210,CACCCCCGCT
10basegen211,CACCCCTAGC
10basegen212,CACCGCAAAC
10basegen213,CACCGCCATG
10basegen214,CACCGCTTTA
10basegen215,CACCTCCCCT
10basegen216,CACCTCCCGC
10basegen217,CACGCACCCA
10basegen218,CACGCCGCCG
10basegen219,CACGGAAAAA
10basegen220,CACGGGCCCA
10basegen221,CACTCGGAAA
10basegen222,CAGAAGGCCC
10basegen223,CAGATCCCGC
10basegen224,CAGCAGCCTG
10basegen225,CAGCCCTAAT
10basegen226,CAGGCCCCCG
10basegen227,CAGGCCCCGC
10basegen228,CAGGCGCAAA
10basegen229,CATACTGTGC
10basegen230,CCAACCATGG
10basegen231,CCAACGGCCG
10basegen232,CCAAGCCCGC
10basegen233,CCACCAAGAA
10basegen234,CCACCACGCA
10basegen235,CCACCATATT
10basegen236,CCACCCAATC
10basegen237,CCACCCCAAA
10basegen238,CCACCCCAAG
10basegen239,CCACCCCCAA
10basegen240,CCACCCCCAC
10basegen241,CCACCCGAAG
10basegen242,CCACCCTACA
10basegen243,CCACCGCACA
10basegen244,CCACCGCCCG
10basegen245,CCACCGTGAA
10basegen246,CCACCGTGTT
10basegen247,CCACCTCCCC
10basegen248,CCACGAGACT
10basegen249,CCACGCCCCA
10basegen250,CCACGCGAAC
10basegen251,CCACGTTGTC
10basegen252,CCACTCGGCC
10basegen253,CCACTGCCCC
10basegen254,CCACTTTTCA
10basegen255,CCAGCAGACT
10basegen256,CCAGCCCCCT
10basegen257,CCAGCCCGCG
10basegen258,CCAGCCGAAC
10basegen259,CCAGCGACAA
10basegen260,CCAGCGACTG
10basegen261,CCAGCGGGAA
10basegen262,CCAGCTACAA
10basegen263,CCAGGCCCGC
10basegen264,CCAGGGCCCC
10basegen265,CCAGGGTCCC
10basegen266,CCAGTCTTTC
10basegen267,CCATCCCCAT
10basegen268,CCATGCACCC
10basegen269,CCCAACACAA
10basegen270,CCCAAGCCGC
10basegen271,CCCAAGGACG
10basegen272,CCCACCATGG
10basegen273,CCCACGGCGT
10basegen274,CCCACTACAA
10basegen275,CCCACTATTT
10basegen276,CCCAGATATG
10basegen277,CCCAGCAAAC
10basegen278,CCCAGCCCCT
10basegen279,CCCAGCGACT
10basegen280,CCCAGGATCG
10basegen281,CCCAGGCCCA
10basegen282,CCCAGGTCCC
10basegen283,CCCAGTGCCC
10basegen284,CCCATCGCTG
10basegen285,CCCCACCTAT
10basegen286,CCCCAGCACA
10basegen287,CCCCCTCGTT
10basegen288,CCCCGAACCC
10basegen289,CCCCGACGGC
10basegen290,CCCCGAGAAT
10basegen291,CCCCGCAACG
10basegen292,CCCCGGAGAA
10basegen293,CCCCGGCCCG
10basegen294,CCCGCACAAG
10basegen295,CCCGCACACT
10basegen296,CCCGCCCCCG
10basegen297,CCCGCCCTAC
10basegen298,CCCGCCTGTC
10basegen299,CCCGCGGCGG
10basegen300,CCCGGCGCCC
10basegen301,CCCGGGGCGA
10basegen302,CCCGGGGTCA
10basegen303,CCCGTTAGCC
10basegen304,CCCTACCCTG
10basegen305,CCCTACGAAC
10basegen306,CCCTATAGGG
10basegen307,CCCTCCGTTA
10basegen308,CCCTCGACGT
10basegen309,CCCTGAACCT
10basegen310,CCCTGCTACT
10basegen311,CCCTGGCGCG
10basegen312,CCCTTTTTTC
10basegen313,CCGAAACCCG
10basegen314,CCGAACCGCT
10basegen315,CCGAAGCCTC
10basegen316,CCGACCACCT
10basegen317,CCGACCCCAA
10basegen318,CCGACCCCTG
10basegen319,CCGACCCGCG
10basegen320,CCGACCGAAC
10basegen321,CCGACCTTCG
10basegen322,CCGACGCCTC
10basegen323,CCGAGCCCAA
10basegen324,CCGAGCGTCC
10basegen325,CCGATACCGA
10basegen326,CCGATCGGCC
10basegen327,CCGCAGAACC
10basegen328,CCGCAGGGCG
10basegen329,CCGCCACCAG
10basegen330,CCGCCAGTGT
10basegen331,CCGCCCGAAC
10basegen332,CCGCCCTTGT
10basegen333,CCGCCTACCC
10basegen334,CCGCGAAAGA
10basegen335,CCGCGGCCCT
10basegen336,CCGCGTCTGT
10basegen337,CCGCTGCTCG
10basegen338,CCGGCCTGGA
10basegen339,CCGGCGACCC
10basegen340,CCGGGCGGCC
10basegen341,CCGTACGGCC
10basegen342,CCGTAGCCCC
10basegen343,CCGTGTTTTC
10basegen344,CCGTTCCCCG
10basegen345,CCGTTCTCCG
10basegen346,CCGTTGTGGC
10basegen347,CCTAGCCAAC
10basegen348,CCTAGCCAGT
10basegen349,CCTAGGCCGC
10basegen350,CCTCAGCCCG
10basegen351,CCTCGTTAAT
10basegen352,CCTCTACGCC
10basegen353,CCTGACCCTA
10basegen354,CCTGGCGAAC
10basegen355,CGAAACCCAC
10basegen356,CGAACAAAGC
10basegen357,CGAAGTGACT
10basegen358,CGAATATAGC
10basegen359,CGACAACGCC
10basegen360,CGACCATGAA
10basegen361,CGACCGGAAA
10basegen362,CGACGGCGAA
10basegen363,CGACGTTTAC
10basegen364,CGAGCCTTTA
10basegen365,CGAGTCCCGC
10basegen366,CGATTCACCG
10basegen367,CGCAAAGCCC
10basegen368,CGCAAAGGAC
10basegen369,CGCACTGGTA
10basegen370,CGCCAAAGAC
10basegen371,CGCCACGAAT
10basegen372,CGCCCAACCC
10basegen373,CGCCCCACCC
10basegen374,CGCCCCCCAG
10basegen375,CGCCCGGAAC
10basegen376,CGCCCGTACG
10basegen377,CGCCGAGAAT
10basegen378,CGCCGCTAGT
10basegen379,CGCCGTCCCT
10basegen380,CGCCGTGGCC
10basegen381,CGCGAATTCT
10basegen382,CGCGACCCAC
10basegen383,CGCGAGCCCT
10basegen384,CGCGATACAG
10basegen385,CGCGCAACAT
10basegen386,CGCGCTGGGG
10basegen387,CGCTACGCCC
10basegen388,CGCTCCCTAC
10basegen389,CGGACACGCG
10basegen390,CGGAGCGAAC
10basegen391,CGGCAAACGT
10basegen392,CGGCAACAAA
10basegen393,CGGCTTCGAA
10basegen394,CGGGACTTTT
10basegen395,CGGTAAGGCG
10basegen396,CGTACGCCTC
10basegen397,CGTCCAACCC
10basegen398,CGTCGTTTCT
10basegen399,CGTGGATTTG
10basegen400,CGTGGCTACG
10basegen401,CGTGTCTAAT
10basegen402,CGTGTTAAAC
10basegen403,CGTTGCGCCC
10basegen404,CGTTTCCCCG
10basegen405,CGTTTTCCCC
10basegen406,CTAAATACAA
10basegen407,CTAAGACAGC
10basegen408,CTACGTTTTT
10basegen409,CTATCCGGGC
10basegen410,CTCCACGCCC
10basegen411,CTCCCCCCCA
10basegen412,CTCCGTGCGG
10basegen413,CTCGAAAGCT
10basegen414,CTCGACCTGG
10basegen415,CTCGAGAACG
10basegen416,CTCGCAACCT
10basegen417,CTCGCCCTAC
10basegen418,CTCGGCCTGA
10basegen419,CTCGGGGAAA
10basegen420,CTCGGGTTTT
10basegen421,CTGCGGCCCC
10basegen422,CTGGAATCCC
10basegen423,CTGGAGCGTG
10basegen424,CTGTAGAGCG
10basegen425,CTTAGCTATC
10basegen426,CTTATCGGCC
10basegen427,CTTTATAGCA
10basegen428,GAAAAACCCG
10basegen429,GAAACCCCCC
10basegen430,GAAACCGAAA
10basegen431,GAAACGCCTG
10basegen432,GAAAGAAAGA
10basegen433,GAAAGTACCA
10basegen434,GAAATAACGC
10basegen435,GAACAAGACT
10basegen436,GAACACCCCC
10basegen437,GAACACCTGT
10basegen438,GAACAGTCAA
10basegen439,GAACATCACA
10basegen440,GAACCCGGGC
10basegen441,GAACCCTTCC
10basegen442,GAACCGCCCT
10basegen443,GAACGCTGGC
10basegen444,GAAGGCCCCT
10basegen445,GAAGGCTACC
10basegen446,GACAACCCCT
10basegen447,GACAACCGCC
10basegen448,GACACGCCCC
10basegen449,GACACTCCTA
10basegen450,GACAGGCCCC
10basegen451,GACCCCCAAC
10basegen452,GACGACCCCC
10basegen453,GACGACCCGC
10basegen454,GACGATCCCC
10basegen455,GACGCGCGAA
10basegen456,GACGGCTCGC
10basegen457,GACGGGAACG
10basegen458,GACGGGAGGT
10basegen459,GACGGTCTAC
10basegen460,GACGTCGAAA
10basegen461,GAGGCACACG
10basegen462,GAGGCTCTAA
10basegen463,GAGGTCGCGC
10basegen464,GAGTTTTGGA
10basegen465,GATCACCGAG
10basegen466,GATCCATACG
10basegen467,GATCCCTGTG
10basegen468,GCAAGACCCA
10basegen469,GCACCACCCA
10basegen470,GCAGGGTCCA
10basegen471,GCAGTAGGGT
10basegen472,GCAGTTGTAG
10basegen473,GCATTGAAAG
10basegen474,GCATTTCCCT
10basegen475,GCCAACGCTA
10basegen476,GCCAAGCTTA
10basegen477,GCCACGAAGA
10basegen478,GCCACTCAAA
10basegen479,GCCAGCTTGA
10basegen480,GCCAGTTTCA
10basegen481,GCCATGCCGA
10basegen482,GCCATGCCTC
10basegen483,GCCCAACCAT
10basegen484,GCCCAACCCG
10basegen485,GCCCAAGCAC
10basegen486,GCCCAATCGC
10basegen487,GCCCACCGCC
10basegen488,GCCCACGCGG
10basegen489,GCCCAGACCC
10basegen490,GCCCCGACAC
10basegen491,GCCCCGGGCG
10basegen492,GCCCGCGAAA
10basegen493,GCCCGGAAAG
10basegen494,GCCGAAATCC
10basegen495,GCCGAACGCA
10basegen496,GCCGACAAGA
10basegen497,GCCGAGCAAA
10basegen498,GCCGAGGTCC
10basegen499,GCCGATCGCC
10basegen500,GCCGCCACGA
10basegen501,GCCGCCCCCG
10basegen502,GCCGGACAGA
10basegen503,GCCGGACCCA
10basegen504,GCCGGCCCGC
10basegen505,GCCGGCCGAA
10basegen506,GCCGGCTCGA
10basegen507,GCCGGTACGG
10basegen508,GCCGTACCCC
10basegen509,GCCGTGTCCC
10basegen510,GCCTAACAAA
10basegen511,GCCTAACCCA
10basegen512,GCCTAACGTG
10basegen513,GCCTCAGCAG
10basegen514,GCCTCCCCCA
10basegen515,GCCTCCGCCC
10basegen516,GCCTCGGCCC
10basegen517,GCCTGGCAAA
10basegen518,GCCTGGTCCA
10basegen519,GCCTTCTGTA
10basegen520,GCCTTTCCAT
10basegen521,GCGAACCCCC
10basegen522,GCGAAGACGT
10basegen523,GCGACCTTTT
10basegen524,GCGAGTTCGC
10basegen525,GCGATCCGCT
10basegen526,GCGATGGCTA
10basegen527,GCGCCGAGAC
10basegen528,GCGCGCAAAA
10basegen529,GCGGCCGGCC
10basegen530,GCGTAGAGAA
10basegen531,GCGTCCCCTG
10basegen532,GCGTCTGTTT
10basegen533,GCGTGACCCC
10basegen534,GCGTTATCCA
10basegen535,GCGTTCCCAC
10basegen536,GCTAAGCGAA
10basegen537,GCTAATGCCC
10basegen538,GCTAGACAAA
10basegen539,GCTAGCCCGC
10basegen540,GCTAGCGGTA
10basegen541,GCTCCCAAAC
10basegen542,GCTCCCTGCA
10basegen543,GCTCGGTCCC
10basegen544,GCTGCAACGC
10basegen545,GCTTCAAGCA
10basegen546,GGAAACGGGT
10basegen547,GGAAAGCGGC
10basegen548,GGAACCCCCT
10basegen549,GGAATCCCTA
10basegen550,GGACACGCGC
10basegen551,GGACCCACAA
10basegen552,GGACCCTTTG
10basegen553,GGACTGTCAC
10basegen554,GGAGAACCCA
10basegen555,GGAGTGGAAC
10basegen556,GGCAAAAGTT
10basegen557,GGCAACTGTT
10basegen558,GGCACCCGAA
10basegen559,GGCCAACGCC
10basegen560,GGCCCCAACC
10basegen561,GGCCCGTCCT
10basegen562,GGCCGGTCCA
10basegen563,GGCCGTGTAA
10basegen564,GGCCTCGCCC
10basegen565,GGCGACTGAA
10basegen566,GGCGCGACTG
10basegen567,GGCGCGCTCG
10basegen568,GGCGCTCCCG
10basegen569,GGCGGCTAAC
10basegen570,GGCTACTACG
10basegen571,GGCTAGGGCT
10basegen572,GGCTCCCGAT
10basegen573,GGGAACCGAG
10basegen574,GGGAACGATT
10basegen575,GGGACCCCCA
10basegen576,GGGACCCGCA
10basegen577,GGGACGAGCG
10basegen578,GGGACGGCTA
10basegen579,GGGACGTGTG
10basegen580,GGGAGCCGCC
10basegen581,GGGAGCCTAC
10basegen582,GGGAGCGTCC
10basegen583,GGGATAGCAC
10basegen584,GGGCCCCACG
10basegen585,GGGCGACCCC
10basegen586,GGGCGCCATG
10basegen587,GGGCGTTCAG
10basegen588,GGGGAATTAT
10basegen589,GGGGACACCC
10basegen590,GGGGCCAACA
10basegen591,GGGGCGACAA
10basegen592,GGGGCTTTGT
10basegen593,GGGGTTGTCA
10basegen594,GGGTAGCCGG
10basegen595,GGGTCCCCAA
10basegen596,GGGTGCGCCA
10basegen597,GGGTGCGCGT
10basegen598,GGGTGGACCC
10basegen599,GGGTTCCGAA
10basegen600,GGTACAGAAT
10basegen601,GGTACTCCCA
10basegen602,GGTCAGGGTA
10basegen603,GGTCGCCAAA
10basegen604,GGTCGGGTGA
10basegen605,GGTCTCCGGG
10basegen606,GGTGCACAAA
10basegen607,GGTGCGCGCG
10basegen608,GGTTACCCCA
10basegen609,GGTTCCCGAA
10basegen610,GGTTCGGCCC
10basegen611,GGTTGCCCCC
10basegen612,GGTTGGTGCG
10basegen613,GTAAGCCCAC
10basegen614,GTAATCTTGA
10basegen615,GTACGCCACA
10basegen616,GTAGGGCAAC
10basegen617,GTATACAAGA
10basegen618,GTATCCCTGG
10basegen619,GTATGCGCCC
10basegen620,GTCAGCCTTT
10basegen621,GTCCAAAGCT
10basegen622,GTCCAAGACT
10basegen623,GTCCCCCCGA
10basegen624,GTCCCCCGGA
10basegen625,GTCCCCGAAC
10basegen626,GTCCCGAACC
10basegen627,GTCGAGCGCC
10basegen628,GTCGCCCCGC
10basegen629,GTCTACGAAC
10basegen630,GTGGCTTTTA
10basegen631,GTGGGGTCAA
10basegen632,GTGTGGCCCC
10basegen633,GTTACCAAAC
10basegen634,GTTCCAATCA
10basegen635,GTTGGTCTAC
10basegen636,GTTTCGCCTG
10basegen637,GTTTTATACT
10basegen638,TAAGCCCGTT
10basegen639,TAAGGAAAAG
10basegen640,TAATCAACGT
10basegen641,TACACCCGAA
10basegen642,TACCCGCGCC
10basegen643,TACGCAACGC
10basegen644,TACGCCCAGC
10basegen645,TACGCGAGAC
10basegen646,TACGCGCCCG
10basegen647,TACGGACAAA
10basegen648,TACGGACCGG
10basegen649,TACGGACGCA
10basegen650,TACGGCCGAA
10basegen651,TACGGGCCCG
10basegen652,TACGGGGTAC
10basegen653,TACGGGTGTT
10basegen654,TACGTAGCCC
10basegen655,TACGTTAAGC
10basegen656,TACGTTGCGC
10basegen657,TAGCATTCAT
10basegen658,TAGCCAACGA
10basegen659,TAGCCCCGAA
10basegen660,TAGGCCAAAC
10basegen661,TAGGCTCGCG
10basegen662,TAGGGATCCT
10basegen663,TAGGGGCGAG
10basegen664,TAGTGACCCA
10basegen665,TATACCCGCG
10basegen666,TATCCCGAAA
10basegen667,TATCCTTACG
10basegen668,TATGGAAGTT
10basegen669,TATGTCCCAG
10basegen670,TCAACGCAAA
10basegen671,TCAATACGTT
10basegen672,TCACCCCTGT
10basegen673,TCACGACGCG
10basegen674,TCATCCGCCT
10basegen675,TCATTTCGCG
10basegen676,TCCAATCCAA
10basegen677,TCCACACCCT
10basegen678,TCCACCCACT
10basegen679,TCCACCCCTC
10basegen680,TCCACCTGAC
10basegen681,TCCACGCCCT
10basegen682,TCCACGCTCA
10basegen683,TCCACTTTTT
10basegen684,TCCAGCAAAG
10basegen685,TCCATCGCCC
10basegen686,TCCCCAGCCC
10basegen687,TCCCCAGCGA
10basegen688,TCCCCAGTTC
10basegen689,TCCCCCAATC
10basegen690,TCCCCCACCC
10basegen691,TCCCCCCCAG
10basegen692,TCCCCGCAAA
10basegen693,TCCCCGCAGC
10basegen694,TCCCCGCCGA
10basegen695,TCCCGCCGAC
10basegen696,TCCCTACCCA
10basegen697,TCCGAACTTA
10basegen698,TCCGACCAAA
10basegen699,TCCGACCCGC
10basegen700,TCCGAGCCAG
10basegen701,TCCGATTTCC
10basegen702,TCCGCCCCCG
10basegen703,TCCGGACGCT
10basegen704,TCCTACGGAC
10basegen705,TCCTCAATTC
10basegen706,TCCTCCCCAC
10basegen707,TCCTCTCCAG
10basegen708,TCGAAATCCC
10basegen709,TCGACCAGAA
10basegen710,TCGACCCCCG
10basegen711,TCGCCAGAAC
10basegen712,TCGGGGCCGC
10basegen713,TCTATCGTTA
10basegen714,TGAAAGCCCA
10basegen715,TGACCCCCGA
10basegen716,TGACGACCAT
10basegen717,TGACGGAAAG
10basegen718,TGATACGACG
10basegen719,TGATCCATTT
10basegen720,TGATCGGATA
10basegen721,TGCCCCTAAT
10basegen722,TGCCGCGGCT
10basegen723,TGCGCTAGCC
10basegen724,TGCGGGGTGT
10basegen725,TGCGTCCGAA
10basegen726,TGCGTGGTCC
10basegen727,TGCTCGGGCC
10basegen728,TGCTGCCCCG
10basegen729,TGCTGGGAAC
10basegen730,TGGATCCCCC
10basegen731,TGGCATGCCT
10basegen732,TGGCGAAACG
10basegen733,TGGCTCTGAA
10basegen734,TGGCTTTTTT
10basegen735,TGGGCACTTC
10basegen736,TGGGCGACTT
10basegen737,TGGGCTTTAT
10basegen738,TGGGGAACCG
10basegen739,TGGGGCTTTA
10basegen740,TGGGTGCGGG
10basegen741,TGGTCACAGG
10basegen742,TGTAAACCGA
10basegen743,TGTAGCGGCC
10basegen744,TGTAGGGCGG
10basegen745,TGTCAGCCCA
10basegen746,TGTCCCCTCT
10basegen747,TGTTCTAAAC
10basegen748,TTAAGCGCTT
10basegen749,TTAATCCCAG
10basegen750,TTACCCCCCC
10basegen751,TTACGAACAA
10basegen752,TTACGATGTG
10basegen753,TTACGTGTCA
10basegen754,TTAGCATCCG
10basegen755,TTATCGTGAA
10basegen756,TTATGCCCAA
10basegen757,TTCAAACGCC
10basegen758,TTCAACAGAC
10basegen759,TTCACCCAGC
10basegen760,TTCACCCCCC
10basegen761,TTCACCCCTA
10basegen762,TTCCAACGTC
10basegen763,TTCGCCAAAA
10basegen764,TTCGCCGACT
10basegen765,TTCTCAATTC
10basegen766,TTGGACACGT
