ATCCCCAAAC,3.99E+06
CTAGGGCCCT,2.59E+06
CCACCTTTTC,2.21E+06
AGGGAAAGAG,2.06E+06
TTACGACCCA,1.97E+06
TCCACGAGAA,1.86E+06
AACAACCGAA,1.84E+06
GCCGACCTAT,1.71E+06
CCTGGCTAGC,1.67E+06
ACGTCAACGT,1.66E+06
AACCCCTACG,1.35E+06
GAAAGGTGCG,1.31E+06
GCGTTGGCCC,1.20E+06
TGTCAACAAA,1.11E+06
ACAAGCCCCA,1.10E+06
CCCAGGACTT,1.04E+06
GACGGGTCCC,9.80E+05
AGGGGAACAA,9.02E+05
ACCGATGCAA,8.84E+05
GGTTCCGGGC,8.78E+05
GGGTTCTTAG,8.43E+05
ATAATCCCTG,7.66E+05
GGCTAGCGCG,7.42E+05
ATACGGGTTA,7.36E+05
GCCAGTCCCG,6.99E+05
GTGATCCCGC,6.37E+05
TGACGCTGTG,6.36E+05
GTGGAGAATG,6.00E+05
ATGGGGAAAC,5.85E+05
TGGCGGCACT,5.80E+05
TCCAGCCCGC,5.76E+05
CCAAGCCCAG,5.54E+05
GCCAACTCGT,5.25E+05
AGAGTCCAAC,4.59E+05
ACCTCGGAAA,4.51E+05
ATCGCTGTCA,4.45E+05
CGCCCTATCC,4.41E+05
CGCTCGTGAA,4.11E+05
ACGTGCACTA,4.05E+05
AACCACCCCA,3.91E+05
GACCCCGAAG,3.79E+05
GTCAACCGCT,3.77E+05
CCGCAGCTGG,3.68E+05
GCTTAACGCC,3.67E+05
ATCACAGGGC,3.64E+05
ACTGCCCCGA,3.63E+05
CGACTGGCGA,3.53E+05
ATGGTCCCGC,3.51E+05
CACCCCCAGT,3.36E+05
GCCGCTACAA,3.18E+05
TCGACACCGA,3.05E+05
CCGCGCAAAT,3.04E+05
ACCTGGACCG,3.03E+05
GAAATCGCAC,3.01E+05
GGACAGAACG,2.99E+05
GCCGATACCC,2.98E+05
CAGATGTCCA,2.94E+05
CTCGGCGGCA,2.84E+05
AATGGAGGGA,2.66E+05
GGGGAATACA,2.65E+05
ACCGGACACA,2.63E+05
GACTGCGACC,2.53E+05
AGGACGATCG,2.52E+05
GGGTGGGGTA,2.51E+05
CTCATAGACC,2.51E+05
AACTCGCAAA,2.48E+05
GGACAGCTCT,2.40E+05
TCCTCCGGCC,2.40E+05
CTAGCGTCGC,2.40E+05
CCGAGCTCGT,2.34E+05
CACGGCATGG,2.27E+05
GGGGGTTAAA,2.22E+05
AAACCCCTGT,2.19E+05
CGGTTTGGCC,2.17E+05
ACTCGGGCAG,2.16E+05
CGGGACAGAC,2.12E+05
TCTCTACTCG,2.09E+05
GCCACCTCGA,2.06E+05
GCAAGCGGGA,2.06E+05
GCATAGAACG,1.99E+05
GTAGCGATGC,1.98E+05
AAAAATCCCA,1.92E+05
GGCCCGGACA,1.90E+05
GGCTCTACAA,1.89E+05
GCCTACGCAA,1.87E+05
GGAATCCGCC,1.87E+05
TGCCCTGTCG,1.79E+05
CCCACGCAAA,1.79E+05
CGAAGCGCGG,1.78E+05
TGACTCACGC,1.77E+05
CGCGCCTGAG,1.76E+05
TAAGGCCCCA,1.75E+05
CTGGACTACG,1.74E+05
CCCCGTTGTT,1.74E+05
AGCACTGACT,1.73E+05
CGAACGGGTC,1.69E+05
GCTCGCCGGG,1.69E+05
ACCGCGACCG,1.68E+05
GGGACTCTCA,1.68E+05
GCTCGTCTAT,1.67E+05
GTCGACGCCC,1.66E+05
CGCGCGACCA,1.64E+05
CTCTCCGAAC,1.63E+05
TAAGCAAGAG,1.58E+05
TGTGAACGTG,1.58E+05
CGTCCGTGTT,1.57E+05
CGGGGGGAGC,1.57E+05
AGGCGTGCTG,1.53E+05
CACGGGCAGA,1.50E+05
ACCGTCGGCC,1.49E+05
CAAGATCGCG,1.49E+05
GTATCAAAGC,1.47E+05
CCAAACATTC,1.46E+05
ACGAACATGC,1.42E+05
AGCCAACTGG,1.42E+05
TAACCGCGAG,1.42E+05
GGGCGAACAT,1.39E+05
CGAAAGGGAA,1.38E+05
GGGATTTACC,1.37E+05
CGGACCATCG,1.37E+05
CCCCGATATC,1.36E+05
CTCCTTGGCG,1.35E+05
AGGCGAACAG,1.34E+05
GCCGTAGCGA,1.32E+05
TTCTCCCCTG,1.30E+05
TACAGACGTC,1.29E+05
GGCACAGGCT,1.27E+05
GTACTACACA,1.27E+05
GGAACTAAAG,1.26E+05
ATAGCTCACC,1.26E+05
CTCTCGCCCG,1.25E+05
CGGCACTTAC,1.23E+05
CGCCGAGGCT,1.22E+05
GGCAGCGTCG,1.17E+05
TTGGCTCCCG,1.16E+05
TCCAGGCTAG,1.14E+05
CGGCCTCTAG,1.13E+05
GGTCATAACT,1.11E+05
CGGGCACTGG,1.09E+05
TTCGGCTTCA,1.09E+05
AGCAGCCGGT,1.09E+05
CCAGGCAACT,1.08E+05
GCCTCGAGAT,1.08E+05
TGAGGCGAAG,1.06E+05
GAGACTAGCC,1.05E+05
CGAGCTGAAC,1.04E+05
TCGTATTCAA,1.04E+05
TAGCGAGCGG,1.03E+05
TAACTATGGT,1.03E+05
GGCACGAGTT,1.02E+05
GGGCCGCAAG,1.01E+05
GTATCCTCGC,1.00E+05
AAGAATCGGT,1.00E+05
GGACTATCTC,1.00E+05
TACAGAGCCG,9.81E+04
GCATCCAGAT,9.74E+04
GGGTCCGTCT,9.74E+04
CGAACGGGTT,9.43E+04
GGACGCGTAT,9.38E+04
TCGCCGGCGC,9.24E+04
ATCCCACGAG,9.17E+04
TCACAAGAAT,9.07E+04
TAAAGCGGGG,9.06E+04
AATACAGACG,9.04E+04
CACTCCACGG,9.03E+04
TATCTATCCA,9.02E+04
GCCTACCGTA,9.01E+04
GGGCGGTACT,8.95E+04
CAACCATGTA,8.90E+04
CCCATGCCCG,8.83E+04
GAGCTAGTGG,8.77E+04
GCAAGATTGA,8.61E+04
GGACGGCTCA,8.59E+04
GGCGTCTCAG,8.50E+04
GCTCTTGAGA,8.42E+04
TAGATCGGGA,8.41E+04
TACCAATGGG,8.28E+04
GGGAGCGTAA,7.92E+04
GCGGGAGCGG,7.91E+04
CGAATAAGGG,7.88E+04
TAAAGCGGTA,7.76E+04
GCTCAGAATG,7.65E+04
CACCGCGGAG,7.64E+04
ATAGCAACGC,7.55E+04
ACAGAGCGGA,7.54E+04
GGAATCGACA,7.51E+04
CGAGAAAGAG,7.50E+04
CGCGGAGGAT,7.50E+04
AAGTGGCGTC,7.46E+04
GACGGGCGTG,7.35E+04
AACATGGCTC,7.34E+04
CGGGCGGCTA,7.31E+04
AACTAACCTA,7.23E+04
TTGCCAAGTG,7.19E+04
AGCTTCGGAA,7.17E+04
AGTTGCCCAG,7.17E+04
CCTACACTGT,7.13E+04
CAGCTGCGCG,7.12E+04
ATCTCACGCG,7.12E+04
CGACTCATAG,7.07E+04
GAAAAGCCCA,6.97E+04
AGGATAGGAA,6.88E+04
AGAATACGCC,6.88E+04
AGGCGATCAT,6.76E+04
GCCGCTCTAC,6.72E+04
TGAGTCACGC,6.71E+04
GAGCCTCAGC,6.70E+04
AGAAGATCCA,6.68E+04
GTCAAAGTGC,6.66E+04
AAATGACGTC,6.62E+04
TCGCCGGGAA,6.58E+04
CCTACGGCGT,6.57E+04
TTCGTTGCGC,6.52E+04
TGAAGAAGTG,6.48E+04
TCTACTCTCA,6.48E+04
CGGGGGGGTC,6.45E+04
ATATCCCCGT,6.41E+04
AGCGAATAAA,6.32E+04
ACGAGCGCTC,6.29E+04
GCGCCAGTCC,6.29E+04
CACCCTTAGA,6.13E+04
AATCGTGGCG,6.12E+04
TAATTCGCAA,6.08E+04
CTCCCTTACG,6.05E+04
GAAGTGATAT,6.04E+04
AGCCTCCAGG,6.01E+04
AGGACTGGCC,5.97E+04
TGCTATCCGT,5.88E+04
TCCGGCGTCT,5.85E+04
TAGCCACCAA,5.85E+04
AAGGAATTCG,5.78E+04
AACCATTCGC,5.74E+04
AGTTTCCCCA,5.74E+04
TAGTTGCCGT,5.74E+04
GCACTTCTTT,5.72E+04
GTGCGGGCGG,5.68E+04
TTAGTGCTTC,5.63E+04
GCGGTATCTG,5.56E+04
AACCTTTCTA,5.56E+04
GTCCCTGCGA,5.53E+04
GCGGGGTGTG,5.50E+04
GGTATAGGTC,5.45E+04
GTTGGCTCGC,5.42E+04
TATGAGCCTC,5.37E+04
AGCTTGGTAA,5.37E+04
TGCGGCGGTT,5.37E+04
AGATTGGTAT,5.35E+04
GGGGCCAGGC,5.34E+04
GGCGTGCAGG,5.33E+04
GCTAACCTAC,5.32E+04
CGTCTGCGCA,5.32E+04
AGACAAGTAC,5.31E+04
AGCCGCGATA,5.29E+04
TCTCGGGTTA,5.27E+04
AACGCACATT,5.27E+04
TGAGTTGCCG,5.27E+04
ACGAATTGGA,5.24E+04
TTGTCGCGAT,5.24E+04
GACTAGTACA,5.22E+04
GACGGCGGTA,5.21E+04
ACAACTAAGT,5.17E+04
CTAATATCGG,5.16E+04
ATCTATCGGT,5.12E+04
GAAAAGGTCT,5.07E+04
GGCGATTGCT,5.02E+04
CGTGAAGCGG,5.02E+04
AAAGCAAGAG,5.01E+04
GACCCTAAAG,5.01E+04
ACGGACTGCA,4.99E+04
CTCGTCCGCT,4.99E+04
TTTAGAGTGC,4.96E+04
ACAACCTAGA,4.94E+04
ACGGGCGAGG,4.94E+04
ACCAGGATCG,4.91E+04
CACAGCGGAG,4.90E+04
CACTTCCGTG,4.89E+04
TTCAAATAGC,4.85E+04
CGACTGCCGC,4.80E+04
GCGTCACGAG,4.79E+04
CGTACTTGGC,4.79E+04
GGAAGGCAGC,4.79E+04
CAAGACTTAT,4.75E+04
ATCATCGCCT,4.73E+04
GGGCGCTACA,4.73E+04
CGCAGGCAAT,4.69E+04
ATCCTGCTTG,4.66E+04
CTCTCATCTC,4.61E+04
ACGACATCAG,4.61E+04
GAAGTTCATG,4.59E+04
CATACAGATA,4.54E+04
CTACGAGATG,4.53E+04
CAGGGTCGAA,4.52E+04
GCGGAGTAAG,4.51E+04
GTCGCGGGAA,4.50E+04
CTCTAAAGAG,4.49E+04
TTCCCTGGTT,4.48E+04
GTACGGGTAA,4.47E+04
TTGGAACCTA,4.45E+04
CTCCGACGAG,4.42E+04
ATTAAGGCCG,4.42E+04
CTCTACATAA,4.41E+04
GCTACAAATA,4.40E+04
TATCCGGCAC,4.39E+04
CATAGATGTC,4.36E+04
TCCCAATTTC,4.36E+04
CCTCTATGCA,4.34E+04
CTGCGTGTCT,4.34E+04
ATGCGCTCAT,4.29E+04
ATGTCTACCA,4.28E+04
CAATCCGTGA,4.28E+04
CTGCGCTTTG,4.28E+04
GACAAGTGCA,4.25E+04
TGGGCAGACT,4.23E+04
TATCCCACTC,4.22E+04
GTTGCCCATT,4.21E+04
TCAGATATGC,4.21E+04
ACGCTGGTGA,4.21E+04
TAGTGTTTCT,4.21E+04
TCTACTCATT,4.21E+04
ACACCCGTCT,4.20E+04
AACAGAAACC,4.19E+04
ATTGGACCGC,4.19E+04
GTGACCAACG,4.18E+04
CGAAGGGATC,4.18E+04
AATGCACGAG,4.16E+04
CCGCAAAGTA,4.15E+04
TTAACAAGCC,4.12E+04
CTAGGTCCTA,4.11E+04
ACACCGTTAA,4.08E+04
ACAATGAAGG,4.07E+04
GGATCTGTCA,4.07E+04
TCTAAAACGT,4.07E+04
CGAGCTAGCG,4.06E+04
AGTACTCGGC,4.05E+04
GTAGAACGTT,4.04E+04
GTGGTCCCAT,4.03E+04
CTACCGAAGA,4.03E+04
TTGCCGTGCC,4.00E+04
CCCCAGTTAC,3.98E+04
CGTTCGGATC,3.97E+04
GGTCCGACAT,3.97E+04
CCATGGTGAC,3.97E+04
TCTGGGGTCA,3.94E+04
AGTAACACGC,3.92E+04
CGGAGCTACT,3.91E+04
TATCTGAGGC,3.88E+04
CGAGTTCTCG,3.87E+04
GGTGCCTTCG,3.87E+04
GTGGACGGTC,3.85E+04
TGCATACTCC,3.85E+04
GGCTAGTTCG,3.85E+04
ATTATAGGAC,3.85E+04
GGACTCGATC,3.80E+04
ATCTCCTACT,3.80E+04
AGACCACTCT,3.78E+04
ATACCATGCT,3.78E+04
AAACTTCCGT,3.77E+04
TCCCCTCCTG,3.75E+04
GGTGGACGGC,3.74E+04
GCATCGGTCC,3.73E+04
CATGATCGCT,3.71E+04
TTCCCGCCGA,3.70E+04
GGGCTTGCTG,3.70E+04
GCGAGTTCTG,3.69E+04
TATTTCGGCG,3.69E+04
TACTGTCTCC,3.68E+04
ACTGCGTTGG,3.68E+04
ACCGCAAATA,3.65E+04
CATGCACCAG,3.64E+04
CTAGCCTTAA,3.64E+04
TTGGCAGCAA,3.63E+04
TCAGAGACTT,3.63E+04
GACGACTAGA,3.59E+04
AACGTTCTGT,3.56E+04
AGTGGCTAGT,3.56E+04
GGGGTAATGT,3.54E+04
GCGGTGAAGC,3.54E+04
GCATGGAAAT,3.53E+04
GGATACACTG,3.52E+04
CAAAGCGCAT,3.52E+04
GCAATACACA,3.51E+04
CGAGATAAGT,3.51E+04
CATGAGGTAA,3.51E+04
CAGGGATAGA,3.48E+04
CCAACAGCCT,3.47E+04
CTGATGACCT,3.46E+04
AACACGATTG,3.45E+04
CGGATAAAGC,3.44E+04
TCGTGCCGGT,3.44E+04
TTTCCAAACT,3.44E+04
CTATGCATGA,3.44E+04
TGCCGCGTCA,3.42E+04
CGCACTGTTT,3.42E+04
ACTCGTAGCC,3.42E+04
AGACCATTTC,3.38E+04
GAAACCTAAA,3.38E+04
CCTCTAGCAC,3.37E+04
CAACCTGCAG,3.36E+04
TTCGGAAGCA,3.36E+04
TTACGCCGGG,3.35E+04
TTTCGTCTCC,3.35E+04
GTCTGCGGCT,3.34E+04
GACATACGTG,3.34E+04
CAATTCGGGG,3.33E+04
TCCGGACAAT,3.32E+04
TAAGCGAATC,3.32E+04
CTTTATCACC,3.29E+04
CTCAGATTTA,3.28E+04
GTGACCTACG,3.28E+04
GAAGGACCCT,3.28E+04
TCTCAAGTAG,3.26E+04
GCCTAGAAGG,3.22E+04
CTAATTCAGG,3.22E+04
TGTCGACGGG,3.20E+04
GGGAGGCAGT,3.20E+04
AGTGCCGATC,3.20E+04
GCTGATCACA,3.20E+04
TTCGGCGTCT,3.19E+04
GTCTAAAAAC,3.16E+04
CGGCAGTAAG,3.16E+04
AAAGAGCAAG,3.16E+04
GAGCGCACGG,3.15E+04
GATGTGAACA,3.09E+04
ACCATAACGT,3.08E+04
AGTACCACAG,3.07E+04
TAGAACCATC,3.07E+04
CGTCAGCGTT,3.06E+04
ACAAGACCTT,3.06E+04
TTAACCAGAA,3.02E+04
GTCTCGAGTT,3.00E+04
GACGAGGAAC,2.99E+04
AGTCACCACT,2.98E+04
AGCGACATAT,2.98E+04
CTGACTAAGT,2.95E+04
TGGAACTCGT,2.94E+04
TTAGGTCCTC,2.94E+04
GCGACAGTTG,2.89E+04
GAGAGGTGCG,2.87E+04
TCATTGGCAC,2.87E+04
GAGCGTTATC,2.84E+04
AGATTAACCT,2.84E+04
TGAAGGGTCG,2.83E+04
GCCCGTTTCG,2.83E+04
GTACCTGGAG,2.82E+04
GAAATTAGCG,2.82E+04
CGGATCAAGC,2.81E+04
ACCTTGGCGT,2.81E+04
GATTATACCC,2.80E+04
TCTCCGACCA,2.78E+04
AAGGGAATAA,2.76E+04
TGTTCCACGT,2.75E+04
GATCAAAGGC,2.75E+04
ACCTTTATGA,2.74E+04
GGTACATACT,2.73E+04
GCAAAGCAAA,2.72E+04
CAGGTCCTGG,2.70E+04
TATCCTTATC,2.68E+04
CTTTACCTCT,2.68E+04
CGCTGCAATC,2.67E+04
TGACAAGGTA,2.66E+04
CTCATGTCCC,2.64E+04
GTACGTCCTT,2.63E+04
GGGTCATATC,2.59E+04
TGGCGTGTAG,2.58E+04
CAGATTGGTA,2.57E+04
GCCAGCCGTT,2.55E+04
TGAGATATCG,2.53E+04
GTCAGAGTGT,2.48E+04
CTATACGAAG,2.48E+04
CTAGGAAAGT,2.47E+04
GCTGTATTAA,2.47E+04
ATTACACCAG,2.46E+04
AAAGAAACAC,2.46E+04
GGGGTGCAGT,2.46E+04
GCAGACCAGT,2.45E+04
CTTACATCTA,2.45E+04
GTACGTTGGG,2.45E+04
TGACTAAGAG,2.41E+04
TTAGCGAAGA,2.39E+04
GCGGAGCCAA,2.37E+04
GCATAGCGGT,2.37E+04
AAAGATACGG,2.36E+04
CCTCCTTTAA,2.35E+04
AAAGCTCCTT,2.35E+04
TTCAAAAGCA,2.32E+04
CTGTCTGGAC,2.29E+04
AGCGAAAAAT,2.28E+04
CCTAGATACT,2.27E+04
TTTAGGAGCC,2.26E+04
TGAGTATGCA,2.25E+04
ACCCAGTTTA,2.23E+04
ACATGATACC,2.21E+04
ACTGCCTGTA,2.20E+04
TGGGTCAGGA,2.19E+04
AGAACATTCG,2.18E+04
GTAGCCTATA,2.15E+04
TGATTCAAGT,2.13E+04
CATAGAGGCG,2.12E+04
CGTTTCGACT,2.12E+04
TCTCACGTCT,2.11E+04
CTGGTAGCAG,2.10E+04
ACGGTCCGAT,2.09E+04
TTTAGCGATA,2.08E+04
TCCAATTTGT,2.08E+04
GCTGGATATT,2.07E+04
TCTCACATAT,2.06E+04
AGTCCATTTA,2.04E+04
ACTAAGAACC,2.04E+04
GGTATTGCAA,2.02E+04
TGTCATTCTC,2.01E+04
CTGAATAAGC,2.01E+04
GGACTTCAGG,2.00E+04
GTGGTACATG,1.97E+04
ATTCTTCTTG,1.97E+04
AGCTGAGGTC,1.97E+04
GGGAAACGTT,1.97E+04
TTTTCGGAAA,1.97E+04
CTGTAGGTCC,1.96E+04
TGCAGCGAAT,1.93E+04
TCGTTCAAGG,1.93E+04
GACTAGGTAG,1.93E+04
GTCCACCACA,1.92E+04
CCTAGTCCTC,1.91E+04
ATGTAGTGTC,1.89E+04
ACGTATTCGA,1.88E+04
CAGTGCGTCT,1.88E+04
ATGAACAGAA,1.87E+04
CGGTCGTAGT,1.86E+04
TGTTCAAGGA,1.86E+04
CTTGGTAATA,1.86E+04
ATGGGCACTT,1.85E+04
GTTAACAAGA,1.85E+04
AAAACCATTG,1.84E+04
ACCGTTCTAT,1.83E+04
CATACTAAGT,1.83E+04
TTGATGCACG,1.83E+04
TCTATACAAC,1.82E+04
TAGGGTGTAC,1.82E+04
GTGTCCTGGA,1.82E+04
TTGGGATCAA,1.82E+04
TGGCATGGAA,1.81E+04
ATTGCATACA,1.80E+04
TGTAGTCCTT,1.79E+04
GTCCTTCATC,1.79E+04
CGTCAATAAT,1.78E+04
TGCATGGCCT,1.76E+04
ATGACAGAAG,1.75E+04
ACTGTTTGCA,1.74E+04
GCTTGCTCTA,1.74E+04
TTTGGGAGGG,1.73E+04
CCTATTAAAC,1.73E+04
TGGCACAATT,1.73E+04
GACTGTGGTA,1.72E+04
TGTGAAGGAC,1.72E+04
GTCCATTTAT,1.72E+04
ACTGTTCGGA,1.72E+04
TTACTGGGTC,1.71E+04
TCCTATCGGG,1.71E+04
CTTGACTCAT,1.70E+04
TTGGGCCTGG,1.70E+04
TGGATTAAGA,1.70E+04
ACTCTTGTAC,1.69E+04
GCTACACAGT,1.69E+04
CAGTCAGCAC,1.68E+04
AAGATGTTCT,1.68E+04
CACTCTCAGC,1.67E+04
CCATTTTCGG,1.67E+04
CAACTAGTTA,1.67E+04
GGTGTTTCGC,1.66E+04
GAACTAAATG,1.65E+04
CATGTGGGTC,1.65E+04
GTCCTCTATG,1.65E+04
ACACACTTCA,1.64E+04
TAAAGCAGGT,1.64E+04
CGTCTAACTT,1.63E+04
GGTATTGACC,1.63E+04
GACATATCTT,1.63E+04
TCTGATTCGG,1.62E+04
CGTTGGTACA,1.62E+04
CTTTTGCTAC,1.62E+04
AATACAGCTG,1.58E+04
TTCGTCCAGT,1.58E+04
TAGGTGAAAG,1.58E+04
ATCATGTACC,1.57E+04
TTCTTGTCGT,1.56E+04
TTGCAGGAAT,1.56E+04
TTTTACTCAC,1.56E+04
CGTTTTGGCA,1.56E+04
ATCCTTAATG,1.56E+04
AAGTCAAAGT,1.55E+04
GACTAGGGTC,1.55E+04
ACGTATTTCC,1.54E+04
TCGTACAGCT,1.54E+04
TACGTAAGGT,1.51E+04
AATACATGGC,1.50E+04
ATTCAGCTTC,1.49E+04
TTTACAATCC,1.48E+04
TAAGGTGAAA,1.48E+04
CGGGTGTGGC,1.48E+04
CTTGTTAAAG,1.48E+04
TGTTCGTGAC,1.47E+04
CCTAATACAT,1.45E+04
TGGTCTTGAG,1.44E+04
AACATCTGTA,1.44E+04
TTGACTAAGC,1.43E+04
AGGACAACTG,1.41E+04
GTGATTGTGT,1.41E+04
CCAAGACCGT,1.41E+04
ATAAGCTTAG,1.40E+04
TCTCATCTTT,1.40E+04
TTCTAAACGT,1.40E+04
TTGATTTCCC,1.40E+04
GTTAAACGCA,1.39E+04
TTAGCATTGG,1.39E+04
GAGACCTTGT,1.39E+04
TCCGCTCAGT,1.38E+04
TGAGATAATG,1.38E+04
TGTTTATGTC,1.37E+04
GATCGCTGTA,1.37E+04
ACAGAAAAAG,1.37E+04
CCGTCCATTA,1.35E+04
CTAACTGCTG,1.33E+04
GCATGTGAGA,1.32E+04
CCTTCACGCT,1.32E+04
TGTTTGCGTG,1.31E+04
AAGCTCACTG,1.31E+04
TTTCGTCCGT,1.31E+04
CAGATGGGTT,1.30E+04
TTCAATTTGG,1.30E+04
TAATTTGTGG,1.30E+04
TCTTTGATTC,1.29E+04
CTTTATAGAC,1.28E+04
AATAGACTGG,1.26E+04
GTGCTTATGG,1.26E+04
GAGTTAAGAT,1.25E+04
TCGATACAAT,1.24E+04
TGTTGGTAAC,1.24E+04
AGTTTTTGTG,1.23E+04
GTTTAGCATT,1.23E+04
GATTTCAAGG,1.23E+04
GTAACCTGCA,1.21E+04
TTTGTTACAG,1.19E+04
GTATGGTTGG,1.19E+04
AGGTTTGTTG,1.17E+04
TGCCTTTATA,1.17E+04
TCCTGACTTC,1.17E+04
ATTTTGTGTT,1.17E+04
TGTCTTGTGT,1.15E+04
TTCTTGAAGT,1.13E+04
TGCATGTGGT,1.13E+04
CTTGGCTTTG,1.12E+04
TTTACCATCG,1.12E+04
TTGCTTGGCT,1.10E+04
ACTTCGCTGG,1.10E+04
GAAGTGTAAT,1.08E+04
GTCCAGTGTG,1.08E+04
ATGTCGATAC,1.07E+04
AAGCACTCAC,1.05E+04
ATCGTTCATT,1.05E+04
TAATAGGATT,1.04E+04
TCACTAGTTT,1.03E+04
GAATATTTCC,1.03E+04
GCATTTGGGT,1.02E+04
TACTGTAGGG,1.02E+04
AGTTAGCAAT,1.01E+04
TGCGAAGTAT,1.01E+04
GTTTAGCGAT,1.00E+04
TTTGATCCTC,9.63E+03
CAGCAGTTAG,9.48E+03
TAAACTGAAC,9.35E+03
GACACTGCAG,9.09E+03
TACTTTGAGG,8.92E+03
ATTAACGAGT,8.70E+03
TTGATTGTCA,8.65E+03
GGTTAACACT,8.40E+03
TTTTCCGTTC,8.17E+03
GTTAATGTCT,7.68E+03
TCCGTTGTAT,7.42E+03
CTTCTGGATT,7.00E+03
GGTTTAGCCT,6.94E+03
CCTCGTTTTT,6.83E+03
TTGATCTAAG,6.68E+03
CGGTTAATTT,6.62E+03
CGTTAAATAC,6.06E+03
