ATCCCCAAAC,1
CTAGGGCCCT,1
TCCACGAGAA,1
CCACCTTTTC,1
AGGGAAAGAG,1
TTACGACCCA,1
GCCGACCTAT,1
GAAAGGTGCG,1
CCTGGCTAGC,1
GCGTTGGCCC,1
TGTCAACAAA,1
ACGTCAACGT,1
ATAATCCCTG,1
AACAACCGAA,1
AACCCCTACG,1
CCCAGGACTT,1
ACCGATGCAA,1
GGGTTCTTAG,1
ACAAGCCCCA,1
TGACGCTGTG,1
GGTTCCGGGC,1
ATACGGGTTA,1
AGAGTCCAAC,1
GACGGGTCCC,1
AGGGGAACAA,1
GGCTAGCGCG,1
CCAAGCCCAG,1
GCCAGTCCCG,1
TCCAGCCCGC,1
CGCCCTATCC,1
GTGATCCCGC,1
ATGGGGAAAC,1
GTCAACCGCT,1
CGCTCGTGAA,1
GCCAACTCGT,1
ATCACAGGGC,1
TGGCGGCACT,1
ATCGCTGTCA,1
GTGGAGAATG,1
ACCTCGGAAA,1
CCGCAGCTGG,1
AACCACCCCA,1
TCGACACCGA,1
ACGTGCACTA,1
CACCCCCAGT,1
CAGATGTCCA,1
GACCCCGAAG,1
CGACTGGCGA,1
GCCGATACCC,1
CTCGGCGGCA,1
GCTTAACGCC,1
CCGCGCAAAT,1
ACTGCCCCGA,1
GGGTGGGGTA,1
ATGGTCCCGC,1
TCTCTACTCG,1
ACCTGGACCG,1
GAAATCGCAC,1
AGGACGATCG,1
GCCGCTACAA,1
ACCGGACACA,1
AAACCCCTGT,1
CTCATAGACC,1
GACTGCGACC,1
CCGAGCTCGT,1
AGCACTGACT,1
GTAGCGATGC,1
TAAGCAAGAG,1
CCAAACATTC,1
CTAGCGTCGC,1
TGTGAACGTG,1
AATGGAGGGA,1
GCCACCTCGA,1
CGGGACAGAC,1
ACCGCGACCG,1
GGACAGAACG,1
AGGCGTGCTG,1
GGGGGTTAAA,1
CGAACGGGTC,1
GCTCGTCTAT,1
GCATAGAACG,1
CCCCGTTGTT,1
TCCTCCGGCC,1
CACGGCATGG,1
AGGCGAACAG,1
GGACAGCTCT,1
CACGGGCAGA,1
AAAAATCCCA,1
GCAAGCGGGA,1
CGCGCCTGAG,1
CTCTCGCCCG,1
CTCTCCGAAC,1
GTCGACGCCC,1
TGCCCTGTCG,1
TTCTCCCCTG,1
GCTCGCCGGG,1
TAAGGCCCCA,1
GCCTACGCAA,1
CGAAGCGCGG,1
CGGCACTTAC,1
CGCGCGACCA,1
CGCCGAGGCT,1
AACTCGCAAA,1
CCCACGCAAA,1
CGTCCGTGTT,1
ACGAACATGC,1
TACAGACGTC,1
GGCTCTACAA,1
GGGCGAACAT,1
CGGGGGGAGC,1
CGAAAGGGAA,1
GGGGAATACA,1
ACTCGGGCAG,1
TGACTCACGC,1
CGGTTTGGCC,1
GGGACTCTCA,1
TCACAAGAAT,1
GGAATCCGCC,1
TCGTATTCAA,1
GAGCTAGTGG,1
GGCAGCGTCG,1
GGCACAGGCT,1
GGCCCGGACA,1
CGAGAAAGAG,1
TAACCGCGAG,1
CGGCCTCTAG,1
ACCGTCGGCC,1
GCTCTTGAGA,1
CGAGCTGAAC,1
CTGGACTACG,1
GTACTACACA,1
GAGACTAGCC,1
AGCCAACTGG,1
TGAGGCGAAG,1
CAAGATCGCG,1
TAACTATGGT,1
GGTCATAACT,1
CCCCGATATC,1
GGGCGGTACT,1
GGACTATCTC,1
CGGGCACTGG,1
GCCTCGAGAT,1
GCATCCAGAT,1
CGAACGGGTT,1
CGGACCATCG,1
GGAACTAAAG,1
GCAAGATTGA,1
ATAGCTCACC,1
CTCCTTGGCG,1
CACTCCACGG,1
GGGATTTACC,1
GTATCAAAGC,1
CCAGGCAACT,1
TCCAGGCTAG,1
TATCTATCCA,1
GCCGTAGCGA,1
CCTACACTGT,1
AGCAGCCGGT,1
TCGCCGGCGC,1
GGCACGAGTT,1
AACATGGCTC,1
GGACGGCTCA,1
TTCGGCTTCA,1
GGACGCGTAT,1
GAAGTGATAT,1
CCCATGCCCG,1
AAGAATCGGT,1
TAGATCGGGA,1
GGGCCGCAAG,1
AGTTGCCCAG,1
AACTAACCTA,1
TGCTATCCGT,1
AAATGACGTC,1
CGACTCATAG,1
TTGGCTCCCG,1
TTCCCTGGTT,1
TTGCCAAGTG,1
TACCAATGGG,1
GCGCCAGTCC,1
AAGTGGCGTC,1
GTATCCTCGC,1
GCCTACCGTA,1
GAGCCTCAGC,1
CGCGGAGGAT,1
GAAAAGCCCA,1
AATACAGACG,1
CGGGCGGCTA,1
TCTACTCTCA,1
ATCCCACGAG,1
AGGATAGGAA,1
TAGTTGCCGT,1
TACAGAGCCG,1
TAGCGAGCGG,1
GCGGGAGCGG,1
CACCCTTAGA,1
TAAAGCGGTA,1
GCCGCTCTAC,1
GGCGATTGCT,1
AGAAGATCCA,1
GCTCAGAATG,1
CACTTCCGTG,1
CGTACTTGGC,1
ATCATCGCCT,1
CAACCATGTA,1
ACTAAGAACC,0
GCGACAGTTG,0
CTATACGAAG,0
TGTCGACGGG,0
GCAAAGCAAA,0
ATTACACCAG,0
TGTTGGTAAC,0
ACAAGACCTT,0
GCTGTATTAA,0
CATACTAAGT,0
ATGAACAGAA,0
TGTCATTCTC,0
ATTGCATACA,0
GGTACATACT,0
CGGGTGTGGC,0
ATGTAGTGTC,0
TCTCCGACCA,0
TAGAACCATC,0
GGGGTGCAGT,0
CTCATGTCCC,0
AAAGAGCAAG,0
CAGATTGGTA,0
CATAGAGGCG,0
TCTCACGTCT,0
TGAAGGGTCG,0
CTGTCTGGAC,0
GACGAGGAAC,0
AAAACCATTG,0
ACCTTGGCGT,0
TGATTCAAGT,0
GGGAGGCAGT,0
CCTAGTCCTC,0
TGAGATATCG,0
TTCTAAACGT,0
AAGTCAAAGT,0
GTTAACAAGA,0
TGGCACAATT,0
CGTTTTGGCA,0
TTCGGCGTCT,0
TTCAAAAGCA,0
GTACCTGGAG,0
GTGACCTACG,0
TTGGGATCAA,0
GTCCATTTAT,0
CTGACTAAGT,0
TTCTTGAAGT,0
GTTTAGCATT,0
CCTAATACAT,0
TTACTGGGTC,0
CATGAGGTAA,0
CAGTCAGCAC,0
ATGGGCACTT,0
AGCGAAAAAT,0
CGCTGCAATC,0
CAGTGCGTCT,0
TGGATTAAGA,0
CCAACAGCCT,0
GGGTCATATC,0
CAGGTCCTGG,0
AAAGAAACAC,0
ATCATGTACC,0
ACTCTTGTAC,0
ACAGAAAAAG,0
GCATAGCGGT,0
TTAGCGAAGA,0
CGTCAATAAT,0
TCTGATTCGG,0
ACATGATACC,0
GCCAGCCGTT,0
TTTGGGAGGG,0
TTTTACTCAC,0
TTCAATTTGG,0
GACTAGGTAG,0
CTTGACTCAT,0
TGTTCGTGAC,0
GCTGGATATT,0
GTCCAGTGTG,0
TCCAATTTGT,0
GTCAGAGTGT,0
GGGAAACGTT,0
AGGTTTGTTG,0
TCCTATCGGG,0
CTAGGAAAGT,0
ATGACAGAAG,0
TTTGTTACAG,0
CTTTATAGAC,0
ACACACTTCA,0
GCGGAGCCAA,0
GTGATTGTGT,0
CGGTCGTAGT,0
GATTATACCC,0
GAGTTAAGAT,0
GTAGCCTATA,0
TTGCAGGAAT,0
GTGCTTATGG,0
TGACTAAGAG,0
ACTGTTTGCA,0
TTAACCAGAA,0
TCGATACAAT,0
AAGGGAATAA,0
GAGACCTTGT,0
CGTTGGTACA,0
GTGTCCTGGA,0
AAAGATACGG,0
TGTCTTGTGT,0
ACGGTCCGAT,0
CATGTGGGTC,0
TGTGAAGGAC,0
TGCATGGCCT,0
TTTAGGAGCC,0
TCTCATCTTT,0
AAGATGTTCT,0
TCTCACATAT,0
AAGCTCACTG,0
TCTATACAAC,0
GCATGTGAGA,0
CCATTTTCGG,0
TGTTTATGTC,0
GCTACACAGT,0
GTCCTTCATC,0
GACTAGGGTC,0
CCTAGATACT,0
CGGTTAATTT,0
TGAGATAATG,0
TGAGTATGCA,0
ATTCAGCTTC,0
AACATCTGTA,0
AATACATGGC,0
TCGTACAGCT,0
TGCATGTGGT,0
TTGATGCACG,0
GAATATTTCC,0
TAGGTGAAAG,0
TGGCATGGAA,0
TAATTTGTGG,0
GAACTAAATG,0
CAGATGGGTT,0
TAAACTGAAC,0
CACTCTCAGC,0
TTTACAATCC,0
GATTTCAAGG,0
AGTTAGCAAT,0
ATTAACGAGT,0
TTGGGCCTGG,0
GGTATTGACC,0
CTTGGCTTTG,0
CAACTAGTTA,0
TACTTTGAGG,0
ACTGTTCGGA,0
ATCCTTAATG,0
CCTATTAAAC,0
GAAGTGTAAT,0
TAAGGTGAAA,0
ACGTATTCGA,0
GTATGGTTGG,0
CCGTCCATTA,0
ACGTATTTCC,0
CTTTTGCTAC,0
CTTCTGGATT,0
GGTTTAGCCT,0
GCATTTGGGT,0
TGCAGCGAAT,0
GGTGTTTCGC,0
GTCCACCACA,0
ATAAGCTTAG,0
TTGATTGTCA,0
TTGCTTGGCT,0
AATAGACTGG,0
TGGTCTTGAG,0
CGTTAAATAC,0
CCAAGACCGT,0
TTTGATCCTC,0
GTCCTCTATG,0
TACGTAAGGT,0
TTGATCTAAG,0
TACTGTAGGG,0
TAATAGGATT,0
AGGACAACTG,0
TCGTTCAAGG,0
TTGACTAAGC,0
AAGCACTCAC,0
CCTTCACGCT,0
TCCTGACTTC,0
CTAACTGCTG,0
GTTTAGCGAT,0
TGCGAAGTAT,0
GCTTGCTCTA,0
ACTTCGCTGG,0
TTAGCATTGG,0
TGTTTGCGTG,0
GACACTGCAG,0
TCCGCTCAGT,0
GATCGCTGTA,0
TGCCTTTATA,0
GTTAATGTCT,0
TCACTAGTTT,0
TTTACCATCG,0
TTTTCCGTTC,0
GTAACCTGCA,0
ATCGTTCATT,0
ATGTCGATAC,0
CAGCAGTTAG,0
TCCGTTGTAT,0
CCTCGTTTTT,0
